,Computation Time (in seconds),Bytes In,Bytes Out
10,0.4562162160873413,1978.5,204.0
100,3.6302926540374756,41979.0,13146.5
500,14.08063542842865,725182.0,323291.5
1000,22.982943654060364,1951598.5,897117.0
2000,47.175806164741516,10714272.5,5199976.0
4000,113.62505269050598,42224839.5,20798507.5
