,Computation Time (in seconds),Bytes In,Bytes Out
10,0.10951578617095947,21.0,11.5
100,0.09600961208343506,22.0,12.0
500,0.053514719009399414,23.0,12.5
1000,0.14481735229492188,23.0,12.5
2000,0.2284015417098999,24.0,13.0
4000,0.2507598400115967,24.0,13.0
