,Computation Time (in seconds),Bytes In,Bytes Out
10,0.2963050603866577,208.5,26.5
100,0.2707827091217041,256.0,51.0
500,0.15059936046600342,502.0,173.5
1000,0.18889009952545166,801.5,323.5
2000,0.22435498237609863,1396.5,621.5
4000,0.4702949523925781,2608.5,1226.5
