,Computation Time (in seconds),Bytes In,Bytes Out
1,12.118125677108765,10003.0,10003.0
10,14.171331238746642,10011.0,1901.1
25,35.616847944259646,10011.0,1360.44
50,74.08125848770142,10011.0,1180.22
75,116.84046658912263,10011.0,1117.025974025974
100,155.7418576359749,10011.0,1090.11
125,200.06927093696595,10011.0,1072.088
150,350.87209423430664,10011.0,1053.9580838323354
