,Computation Time (in seconds),Bytes In,Bytes Out
10,0.10243487358093262,22.0,12.0
100,0.1027599573135376,23.0,12.5
500,0.11669707298278809,25.0,13.5
1000,0.11339831352233887,25.0,13.5
2000,0.13054931163787842,26.0,14.0
4000,0.1378875970840454,27.0,14.5
